www;001_1-37_180556176_q.mp4
www;003_821-10_l.mp4
www;004_00033_seg.mp4
www;004_00033-3.mp4
www;004_00034_seg.mp4
www;004_00034-1.mp4
www;004_00034-2.mp4
www;004_00034-3.mp4
www;004_00034-4.mp4
www;004_00035-1.mp4
www;004_00035-2.mp4
www;004_00035-3.mp4
www;004_00035-4.mp4
www;004_00036_seg.mp4
www;004_00036-1.mp4
www;004_00036-2.mp4
www;004_00036-3.mp4
www;004_00037-1.mp4
www;004_00037-2.mp4
www;004_00037-3.mp4
www;004_00037-4.mp4
www;004_00037-5.mp4
www;004_00040_seg.mp4
www;004_00040-1.mp4
www;004_00042_seg.mp4
www;004_00043-1.mp4
www;004_00043-2.mp4
www;004_00051.mp4
www;004_00053-1.mp4
www;004_00053-2.mp4
www;004_00053-3.mp4
www;004_00055_seg.mp4
www;004_00055-1.mp4
www;004_00055-2.mp4
www;004_00055-3.mp4
www;004_00057-3.mp4
www;004_00058_seg.mp4
www;007_101.mp4
www;007_105.mp4
www;007_107.mp4
www;007_109.mp4
www;007_113.mp4
www;007_123.mp4
www;007_51.mp4
www;007_56.mp4
www;007_62.mp4
www;007_65.mp4
www;007_75.mp4
www;007_8_83161740_q.mp4
www;007_81.mp4
www;007_87.mp4
www;007_92.mp4
www;007_99.mp4
www;010_2014-140_l.mp4
www;010_490-208_l.mp4
www;018_street_dance1-3-2.mp4
www;019_30.mp4
www;022_040728725-crowds-gather-washington-dc.mp4
www;035_3452204_031_c.mp4
www;039_2024-11.mp4
www;039_YOHJI_YAMAMOTO_Full_Show_Spring_Summer_2015_Paris_by_Fashion_Channel_04.mp4
www;048_024762604-people-subway.mp4
cuhk;1_14_2-19-1.avi
cuhk;1_14_2-19-2.avi
cuhk;1_16-1.avi
cuhk;1_16-2.avi
cuhk;1_16-3.avi
cuhk;1_17-1.avi
cuhk;1_17-2.avi
cuhk;1_18-1.avi
cuhk;1_34_2-13-1.avi
cuhk;1_34_2-13-2.avi
cuhk;1_34-1.avi
cuhk;1_34-2.avi
cuhk;1_34-3.avi
cuhk;1_37-1.avi
cuhk;1_37-2.avi
cuhk;1_39.avi
cuhk;1_58_2-26-1.avi
cuhk;1_58_2-26-2.avi
cuhk;1_58_2-26-3.avi
cuhk;1_8_groupSplit-festivalwalk_3_3.avi
cuhk;1_a_2-12-1.avi
cuhk;1_a_2-12-2.avi
cuhk;1_a_2-12-3.avi
cuhk;1_a_2-21.avi
cuhk;1_a_2-37-1.avi
cuhk;1_a_2-37-3.avi
cuhk;1-sec1.mp4
cuhk;1-sec2.mp4
cuhk;1-sec3.mp4
cuhk;1-sec4.mp4
shanghai;104207_1-04-S20100821071000000E20100821120000000_delogo1.avi
cuhk;1276-21_q.avi
cuhk;2_1_1-7-1.avi
cuhk;2_1_1-7-2.avi
cuhk;2_13_1-12-1.avi
cuhk;2_13_1-12-2.avi
cuhk;2_13_1-12-3.avi
cuhk;2_13_1-15.avi
cuhk;2_13_1-17-1.avi
cuhk;2_13_1-17-3.avi
cuhk;2_1c_1-13-1.avi
cuhk;2_35-1.avi
cuhk;2_35-2.avi
cuhk;2_6.avi
cuhk;2-sec1.mp4
cuhk;2-sec2.mp4
cuhk;2-sec3.mp4
cuhk;2-sec4.mp4
shanghai;200608_C08-02-S20100626083000000E20100626233000000_clip1_delogo1.avi
cuhk;4_1_2_2_2_3_4__4-6-2.avi
cuhk;4_1a2a3_1__5_4_4-4-1.avi
cuhk;4_1a2a3_1__5_4_4-4-2.avi
cuhk;4_1a2a3_1__5_4_4-4-3.avi
cuhk;4_3_1__4__4-1-1.avi
cuhk;4_3_1__4__4-1-2.avi
cuhk;4_3_1__4__4-15.00.avi
cuhk;4_3_1__4__4-15.01.avi
cuhk;4_3_1__4__4-3.00.avi
cuhk;4_3_1__4__4-3.01.avi
cuhk;4_3_1__4_4_1__4-10-1.avi
cuhk;4_3_1__4_4_1__4-10-2.avi
cuhk;4_3_1__4_4_1__4-10-3.avi
cuhk;4_3_2__5__4-18.avi
cuhk;4_3_3__4__4-8.avi
cuhk;4_3_3__5__4-2.00.avi
violent_flow;balcony_football_violence__Football_Hooligans_Leeds_v_Wolves_2005__MorningGlory1997__f66MTrNLPL0.avi
violent_flow;fans_violence__FootBall_Fans_Violence__xxxXLsDXxxx__EaCpQJLdxJ8.avi
violent_flow;fans_violence__Hockey_Fights_and_Fan_Brawls__dsnitris2007__XinJCGR7u6w.avi
violent_flow;fans_violence__Violence_after_bball_game__shlomipr__WSFdO3em2I8.avi
hockey;fi103_xvid.avi
hockey;fi123_xvid.avi
hockey;fi125_xvid.avi
hockey;fi13_xvid.avi
hockey;fi145_xvid.avi
hockey;fi147_xvid.avi
hockey;fi149_xvid.avi
hockey;fi164_xvid.avi
hockey;fi17_xvid.avi
hockey;fi187_xvid.avi
hockey;fi192_xvid.avi
hockey;fi193_xvid.avi
hockey;fi194_xvid.avi
hockey;fi196_xvid.avi
hockey;fi200_xvid.avi
hockey;fi203_xvid.avi
hockey;fi205_xvid.avi
hockey;fi212_xvid.avi
hockey;fi213_xvid.avi
hockey;fi216_xvid.avi
hockey;fi221_xvid.avi
hockey;fi224_xvid.avi
hockey;fi236_xvid.avi
hockey;fi243_xvid.avi
hockey;fi249_xvid.avi
hockey;fi266_xvid.avi
hockey;fi272_xvid.avi
hockey;fi274_xvid.avi
hockey;fi292_xvid.avi
hockey;fi306_xvid.avi
hockey;fi309_xvid.avi
hockey;fi321_xvid.avi
hockey;fi324_xvid.avi
hockey;fi328_xvid.avi
hockey;fi334_xvid.avi
hockey;fi338_xvid.avi
hockey;fi35_xvid.avi
hockey;fi350_xvid.avi
hockey;fi367_xvid.avi
hockey;fi369_xvid.avi
hockey;fi371_xvid.avi
hockey;fi375_xvid.avi
hockey;fi377_xvid.avi
hockey;fi380_xvid.avi
hockey;fi384_xvid.avi
hockey;fi386_xvid.avi
hockey;fi39_xvid.avi
hockey;fi395_xvid.avi
hockey;fi402_xvid.avi
hockey;fi405_xvid.avi
hockey;fi406_xvid.avi
hockey;fi411_xvid.avi
hockey;fi414_xvid.avi
hockey;fi419_xvid.avi
hockey;fi428_xvid.avi
hockey;fi433_xvid.avi
hockey;fi435_xvid.avi
hockey;fi452_xvid.avi
hockey;fi461_xvid.avi
hockey;fi462_xvid.avi
hockey;fi470_xvid.avi
hockey;fi476_xvid.avi
hockey;fi481_xvid.avi
hockey;fi499_xvid.avi
hockey;fi7_xvid.avi
hockey;fi73_xvid.avi
hockey;fi74_xvid.avi
hockey;fi80_xvid.avi
violent_flow;football_crowds__football_crowds__Anglia_News_Sport_Soccer_Football_FIFA_South_Africa_World_Cup_20.avi
violent_flow;football_crowds__Giants_of_Brazil_5_of_6__anandaliyanage__5tw2pojykz8.avi
violent_flow;football_crowds_cheering__Ghana_stars_in_heroes_reception__NTVKenya__RXQA-gagvKI.avi
violent_flow;football_crowds_cheering__Scenes_from_Friday_s_ESPN_College_Game_Day_at_UK__UKSGREAT__dXA5.avi
violent_flow;football_fans__FootBall_Fans_Violence__xxxXLsDXxxx__EaCpQJLdxJ8.avi
violent_flow;football_violence__British_Football_Hooligans_Mix_3__MorningGlory1997__kW23lUV6oFk.avi
violent_flow;football_violence__Brutal_fight_of_the_hooligans_in_Europe__CocaineBaron__ctbwtUZfhY4.avi
violent_flow;football_violence__Football_Hooligans_Carlisle_v_Preston_1993__prestonparasoccer__JfLHSqKm9zg-2.avi
violent_flow;football_violence__Football_Hooligans_Carlisle_v_Preston_1993__prestonparasoccer__JfLHSqKm9zg-3.avi
violent_flow;football_violence__Football_Hooligans_Carlisle_v_Preston_1993__prestonparasoccer__JfLHSqKm9zg.avi
violent_flow;football_violence__Football_hooligans_fighting_in_Helsinki_WCQL_Finland_Russia__f43344__n3yajhkWI6w.avi
violent_flow;football_violence__Football_Hooligans_Millwall_Compilation__MorningGlory1997__U-CsDQik3sw.avi
violent_flow;football_violence__Football_Hooligans_QPR_v_Luton_St_Pancras__prestonparasoccer__DNL6VlA3hnQ.avi
violent_flow;football_violence__Football_Hooligans_Watford_v_Luton_2002_Version_1__MorningGlory1997__vLOTaR9eMlg.avi
violent_flow;football_violence__football_match_violence__mld0491__WL6AUKgOYSs.avi
violent_flow;football_violence__FUCK_YOU_FOOTBALL_HOOLIGANS_RUSSIA_and_UKRAINE_part1__W00FAM__DB.avi
violent_flow;football_violence__HOOLIGANS__mscs01__YWE3lKNm8aA.avi
violent_flow;football_violence__project_d_football_violence__henkiejwt__MFDeI2bK2Pk.avi
violent_flow;group_violence__group_violence__football_violence__aliiie__qfKD35PYwok.avi
violent_flow;Hooligans_violence__Football_Hooligans_Hull_Pub_Brawl_News_Report__lancashirelads__--3xfJHXlOc.avi
violent_flow;Hooligans_violence__Football_Hooligans_QPR_v_Luton_St_Pancras__prestonparasoccer__DNL6VlA3hnQ.avi
violent_flow;Hooligans_violence__Footballs_Blood_Sport_prt2__Tramppercy__P9a6qZ3r90k.avi
violent_flow;Hooligans_violence__Fuck_police_Let_s_riot__tigerland2222__Q2k-ZHCZBAk.avi
violent_flow;Hooligans_violence__I_D_Trailer__ImLonelyLinda__5Y26VMm4L7o.avi
violent_flow;Hooligans_violence__Russian_Hooligans_Zenit_St_Petersburg__LordXavior__iMjISeT72vQ.avi
peliculas;newfi9.avi
peliculas;newfi11.avi
peliculas;newfi12.avi
peliculas;newfi17.avi
peliculas;newfi18.avi
peliculas;newfi19.avi
peliculas;newfi41.avi
peliculas;newfi43.avi
peliculas;newfi62.avi
peliculas;newfi64.avi
peliculas;newfi65.avi
peliculas;newfi66.avi
peliculas;newfi68.avi
peliculas;newfi72.avi
peliculas;newfi73.avi
peliculas;newfi98.avi
peliculas;newfi99.avi
hockey;no200_xvid.avi
hockey;no449_xvid.avi
pets;Time_14-16_b.avi
pets;Time_14-27_a.avi
pets;Time_14-27_b.avi
pets;Time_14-31.avi
pets;Time_14-33_a.avi
pets;Time_14-33_b.avi
agoraset;scene01_x1_view2_2.avi
agoraset;scene04_x4_view1.avi
agoraset;scene05_view2.avi
violent_flow;soccer_violence__Football_riots__madlu__OpgL3ZlF-gg.avi
violent_flow;stadium_crowds__Iranian_Revolution_10th_Year_Anniversary__hijazna__PFZsW8I-GVY.avi
violent_flow;stadium_crowds__Police_drill_for_2010__CNN__0LP012X0yiA.avi
umn;Crowd-Activity-All.avi
